step,split,loss,SER,pitch_ER,duration_ER,sequence_acc,lr,elapsed_s
50,train,6.3401,,,,,6.25e-05,41
100,train,5.6320,,,,,1.25e-04,86
150,train,5.0773,,,,,1.88e-04,132
200,train,4.6126,,,,,2.50e-04,174
250,train,4.2745,,,,,3.13e-04,212
300,train,4.0284,,,,,3.75e-04,250
350,train,3.8712,,,,,4.38e-04,288
400,train,3.7697,,,,,5.00e-04,418
450,train,3.7053,,,,,5.00e-04,452
500,train,3.6520,,,,,4.99e-04,485
500,val_clean,3.0335,0.7339,0.6509,0.5639,0.0000,,510
500,val_scan,3.0494,0.7344,0.6539,0.5670,0.0000,,510
550,train,3.5908,,,,,4.98e-04,548
600,train,3.5355,,,,,4.96e-04,594
650,train,3.4955,,,,,4.94e-04,637
700,train,3.4438,,,,,4.92e-04,678
750,train,3.3699,,,,,4.89e-04,721
800,train,3.3046,,,,,4.86e-04,760
850,train,3.2172,,,,,4.82e-04,803
900,train,3.1196,,,,,4.78e-04,845
950,train,3.0351,,,,,4.73e-04,887
1000,train,2.9530,,,,,4.68e-04,927
1000,val_clean,2.0659,0.5605,0.4017,0.4318,0.0039,,952
1000,val_scan,2.2017,0.5881,0.4466,0.4531,0.0020,,952
1050,train,2.8462,,,,,4.63e-04,993
1100,train,2.7263,,,,,4.57e-04,1031
1150,train,2.6091,,,,,4.51e-04,1073
1200,train,2.4992,,,,,4.45e-04,1114
1250,train,2.4221,,,,,4.38e-04,1154
1300,train,2.3357,,,,,4.31e-04,1197
1350,train,2.2491,,,,,4.23e-04,1241
1400,train,2.1782,,,,,4.15e-04,1283
1450,train,2.0883,,,,,4.07e-04,1326
1500,train,2.0032,,,,,3.99e-04,1373
1500,val_clean,0.9181,0.2215,0.1670,0.1607,0.1094,,1399
1500,val_scan,1.1747,0.3132,0.2429,0.2211,0.0703,,1399
1550,train,1.9520,,,,,3.90e-04,1440
1600,train,1.8963,,,,,3.81e-04,1481
1650,train,1.8463,,,,,3.72e-04,1525
1700,train,1.8061,,,,,3.63e-04,1583
1750,train,1.7668,,,,,3.54e-04,1649
1800,train,1.7370,,,,,3.44e-04,1711
1850,train,1.7086,,,,,3.34e-04,1765
1900,train,1.6816,,,,,3.24e-04,1813
1950,train,1.6460,,,,,3.14e-04,1858
2000,train,1.6196,,,,,3.04e-04,1902
2000,val_clean,0.5311,0.1290,0.1117,0.0809,0.2891,,1929
2000,val_scan,0.7287,0.2007,0.1662,0.1247,0.2012,,1929
2050,train,1.5956,,,,,2.94e-04,1974
2100,train,1.5678,,,,,2.83e-04,2018
2150,train,1.5516,,,,,2.73e-04,2060
2200,train,1.5285,,,,,2.63e-04,2099
2250,train,1.5118,,,,,2.52e-04,2138
2300,train,1.5007,,,,,2.42e-04,2178
2350,train,1.4810,,,,,2.32e-04,2217
2400,train,1.4568,,,,,2.21e-04,2257
2450,train,1.4482,,,,,2.11e-04,2296
2500,train,1.4525,,,,,2.01e-04,2335
2500,val_clean,0.3474,0.0712,0.0636,0.0322,0.4160,,2359
2500,val_scan,0.5040,0.1161,0.1015,0.0574,0.3203,,2359
2550,train,1.4266,,,,,1.91e-04,2398
2600,train,1.4108,,,,,1.81e-04,2436
2650,train,1.3984,,,,,1.72e-04,2557
2700,train,1.3875,,,,,1.62e-04,3661
2750,train,1.3750,,,,,1.53e-04,3694
2800,train,1.3664,,,,,1.44e-04,3725
2850,train,1.3540,,,,,1.35e-04,3759
2900,train,1.3546,,,,,1.26e-04,3795
2950,train,1.3434,,,,,1.18e-04,3829
3000,train,1.3373,,,,,1.10e-04,3866
3000,val_clean,0.2721,0.0472,0.0424,0.0199,0.5449,,3887
3000,val_scan,0.4100,0.0931,0.0817,0.0421,0.4375,,3887
3050,train,1.3308,,,,,1.02e-04,3924
3100,train,1.3130,,,,,9.47e-05,3962
3150,train,1.3086,,,,,8.75e-05,4000
3200,train,1.3082,,,,,8.07e-05,4047
3250,train,1.3073,,,,,7.42e-05,4089
3300,train,1.2957,,,,,6.81e-05,4129
3350,train,1.2926,,,,,6.23e-05,4166
3400,train,1.2849,,,,,5.69e-05,4203
3450,train,1.2892,,,,,5.19e-05,4240
3500,train,1.2846,,,,,4.73e-05,4277
3500,val_clean,0.2306,0.0347,0.0318,0.0137,0.6406,,4300
3500,val_scan,0.3474,0.0729,0.0630,0.0307,0.4961,,4300
3550,train,1.2783,,,,,4.32e-05,4338
3600,train,1.2784,,,,,3.94e-05,4375
3650,train,1.2722,,,,,3.61e-05,4412
3700,train,1.2608,,,,,3.31e-05,4450
3750,train,1.2603,,,,,3.07e-05,4487
3800,train,1.2727,,,,,2.86e-05,4525
3850,train,1.2670,,,,,2.71e-05,4563
3900,train,1.2620,,,,,2.59e-05,4601
3950,train,1.2597,,,,,2.52e-05,4638
4000,train,1.2640,,,,,2.50e-05,4676
4000,val_clean,0.2147,0.0281,0.0250,0.0102,0.6914,,4699
4000,val_scan,0.3243,0.0634,0.0560,0.0256,0.5566,,4699
